day,wind_u,wind_v,lat,lon
0,0.11660418543411899,-1.2794316800180343,-67.88805,-60.0
1,1.5079645609059469,0.7937599927271807,-67.88805,-60.0
2,2.796263164674821,-1.2977520830685187,-67.88805,-60.0
3,4.008443418178201,3.370624755255983,-67.88805,-60.0
4,1.365899773381237,-1.654844104277182,-67.88805,-60.0
5,0.30970073376016416,-0.6860176076063419,-67.88805,-60.0
6,2.260183562853599,-3.032972996743369,-67.88805,-60.0
7,-2.07503184176873,3.886575829961215,-67.88805,-60.0
0,-0.8275205085143638,-2.499063433995364,-68.005196,-57.1875
1,1.6461744800040385,0.3380322497351916,-68.005196,-57.1875
2,2.6557384505325174,-1.422403136534232,-68.005196,-57.1875
3,4.520290934075274,3.8098155406983403,-68.005196,-57.1875
4,1.9985091610086314,-1.8008874569868947,-68.005196,-57.1875
5,-0.009246868102148054,0.4592033107325168,-68.005196,-57.1875
6,1.6489849915149133,-4.880514651796662,-68.005196,-57.1875
7,-1.555573393057519,4.346583886019497,-68.005196,-57.1875
0,-0.8693631518198236,-2.264673214036166,-68.005196,-54.492188
1,1.7753690245887386,-0.062478434754705804,-68.005196,-54.492188
2,3.3886510479823095,-0.8422781339867654,-68.005196,-54.492188
3,5.077766843311403,4.4543399751041965,-68.005196,-54.492188
4,3.487265781077282,-0.6771675777085294,-68.005196,-54.492188
5,0.9581750206543703,1.2304549270240717,-68.005196,-54.492188
6,1.4369094258108752,-6.203949482536988,-68.005196,-54.492188
7,-0.40627709737791323,3.9221339028833326,-68.005196,-54.492188
0,-0.2555482336026154,0.320247139049649,-68.005196,-51.679688
1,2.375260707630847,0.5420744928884086,-68.005196,-51.679688
2,4.431085621363494,-0.08408862750402209,-68.005196,-51.679688
3,6.0823583484727095,4.4316013939643,-68.005196,-51.679688
4,4.93102952852537,0.591333053562849,-68.005196,-51.679688
5,1.5719853466041878,2.1206858971665175,-68.005196,-51.679688
6,1.205600663051517,-6.185436695260573,-68.005196,-51.679688
7,-0.025663884896406825,3.1054516311921674,-68.005196,-51.679688
0,0.1296924055303724,1.937283978989851,-68.005196,-48.867188
1,2.754271254066285,1.3348831766634517,-68.005196,-48.867188
2,5.591436654203675,0.5922639187603305,-68.005196,-48.867188
3,7.00327868929861,4.463109852149077,-68.005196,-48.867188
4,6.56698945126474,1.4629423832311519,-68.005196,-48.867188
5,1.7213574893189583,2.4792772808500207,-68.005196,-48.867188
6,1.4204647079246053,-5.402637440440725,-68.005196,-48.867188
7,0.8345191498723173,1.59264783125419,-68.005196,-48.867188
0,0.21649233033166548,2.837138533486284,-68.005196,-46.054688
1,3.1019935998258252,1.5776862184593898,-68.005196,-46.054688
2,6.3500440336751725,1.3425250586489865,-68.005196,-46.054688
3,8.225425991267,4.286459469697675,-68.005196,-46.054688
4,8.299934497746884,2.2067396884985384,-68.005196,-46.054688
5,2.030147135211257,2.5600746967440635,-68.005196,-46.054688
6,1.558434401971322,-3.8952265180712775,-68.005196,-46.054688
7,1.7450197175391275,-0.00011585662513739307,-68.005196,-46.054688
0,0.5975948389382136,3.3214318480221947,-68.005196,-43.359375
1,3.4702042018001653,1.8932274073697715,-68.005196,-43.359375
2,6.631035600796704,2.064255433175257,-68.005196,-43.359375
3,8.042667088725578,4.445227781905127,-68.005196,-43.359375
4,9.260211327506548,3.0176684892666192,-68.005196,-43.359375
5,2.7500086270456396,2.996951635513856,-68.005196,-43.359375
6,2.128610852168984,-1.9970047091021057,-68.005196,-43.359375
7,2.4956995012777843,-1.4119746355477618,-68.005196,-43.359375
0,1.1841718860462251,2.6452556587634395,-68.005196,-40.546875
1,3.641996820270707,2.13005256192838,-68.005196,-40.546875
2,6.486951359803897,2.6385280516478615,-68.005196,-40.546875
3,7.384490187331313,4.185279205912598,-68.005196,-40.546875
4,9.35294480145309,3.9991585527364872,-68.005196,-40.546875
5,3.2134447143340577,3.1114118805190834,-68.005196,-40.546875
6,2.6319426460826434,-0.14507369930059902,-68.005196,-40.546875
7,2.967227504292298,-3.011159315776745,-68.005196,-40.546875
0,1.6729584007197096,0.6964453867651481,-68.005196,-37.734375
1,3.688838229951882,2.3588338265240067,-68.005196,-37.734375
2,6.325356001078748,3.2460649173775313,-68.005196,-37.734375
3,6.2578105212293,3.646831308736402,-68.005196,-37.734375
4,8.601231781983488,4.474793432929308,-68.005196,-37.734375
5,3.499319960276269,3.1563964518473697,-68.005196,-37.734375
6,2.934035678425302,0.9649762602296601,-68.005196,-37.734375
7,3.280573268909123,-4.067985811349492,-68.005196,-37.734375
0,1.469416135708652,-1.099171583693821,-68.005196,-35.039062
1,3.860733784666737,2.377465482593767,-68.005196,-35.039062
2,5.87913947664745,3.2316168917271444,-68.005196,-35.039062
3,5.255584554892443,2.5814066905121913,-68.005196,-35.039062
4,5.6450657093386925,4.220822541708446,-68.005196,-35.039062
5,3.2945609873777006,3.0201015033279024,-68.005196,-35.039062
6,3.0272739679962526,1.3291068610834715,-68.005196,-35.039062
7,3.3525436959301715,-4.691188017013192,-68.005196,-35.039062
0,-0.6493933841474762,-0.6370057317546399,-65.66221,-60.0
1,1.465011710050894,0.7849160264837547,-65.66221,-60.0
2,3.195736490504213,-1.663847319721875,-65.66221,-60.0
3,4.64619297483545,1.426692050161568,-65.66221,-60.0
4,-0.30317653847672604,-0.38772368307070887,-65.66221,-60.0
5,0.5580720507861437,-0.5485648607101624,-65.66221,-60.0
6,2.117055419934004,-3.717241875005499,-65.66221,-60.0
7,0.5052361044029721,1.5744289456286313,-65.66221,-60.0
0,-0.7324699424651886,-1.0896283211039115,-65.66221,-57.1875
1,1.6792971450258882,0.9077376960788631,-65.66221,-57.1875
2,2.807415249229026,-1.5118236858077951,-65.66221,-57.1875
3,5.05338285316584,3.812126922669666,-65.66221,-57.1875
4,-0.39867090498872865,-0.6277397899550031,-65.66221,-57.1875
5,0.871084419525593,0.282977913952237,-65.66221,-57.1875
6,0.00045250144068836873,-4.142133839794508,-65.66221,-57.1875
7,0.8074937653982309,1.2713183083418274,-65.66221,-57.1875
0,-0.900760906267868,-0.922582399781893,-65.66221,-54.492188
1,0.7545363167785188,0.778297602918954,-65.66221,-54.492188
2,3.504399018192405,-1.3040202532193403,-65.66221,-54.492188
3,5.718222794935136,3.7311356746278777,-65.66221,-54.492188
4,-0.7253283219328356,-0.8558217591545652,-65.66221,-54.492188
5,1.5949806882931605,1.3060415656575042,-65.66221,-54.492188
6,-0.4210257506446287,-5.018014686986983,-65.66221,-54.492188
7,0.6209660527476228,1.2631309263662287,-65.66221,-54.492188
0,-0.7721378348861981,1.4861364196203335,-65.66221,-51.679688
1,0.757503157202419,1.0531708470352372,-65.66221,-51.679688
2,4.188008451784981,-0.7966744269336573,-65.66221,-51.679688
3,5.846651253930095,3.052413445515256,-65.66221,-51.679688
4,0.5773130771222358,-0.4290447879005499,-65.66221,-51.679688
5,1.6876867516459937,2.004342539020874,-65.66221,-51.679688
6,-0.47270627117518277,-4.888663829224712,-65.66221,-51.679688
7,1.123158967886506,0.3674172285750774,-65.66221,-51.679688
0,-0.018248544865965027,2.92153079010115,-65.66221,-48.867188
1,1.1746384106931034,1.6639335720945858,-65.66221,-48.867188
2,4.82926280631746,-0.1507193562311301,-65.66221,-48.867188
3,6.129773548699635,2.4499112408578294,-65.66221,-48.867188
4,3.0168391692253222,0.7376459261734333,-65.66221,-48.867188
5,2.0294689451585106,1.8551092944970373,-65.66221,-48.867188
6,0.2547293170542455,-4.071612550970601,-65.66221,-48.867188
7,1.8202733697228366,-0.39824703231511127,-65.66221,-48.867188
0,0.416444807418497,3.102099189442217,-65.66221,-46.054688
1,1.4975371252676535,1.9276584725868684,-65.66221,-46.054688
2,5.606634595597406,0.41353243676688,-65.66221,-46.054688
3,6.798855723494843,2.431583856082912,-65.66221,-46.054688
4,4.997609724372824,1.3020064713708324,-65.66221,-46.054688
5,2.4280027991564137,1.6834917891016465,-65.66221,-46.054688
6,0.8121626150430123,-2.7738109773349025,-65.66221,-46.054688
7,1.8247027511641905,-1.6469737580794026,-65.66221,-46.054688
0,0.8711704839180122,1.8678514374106758,-65.66221,-43.359375
1,1.9369947431557917,2.175594644514434,-65.66221,-43.359375
2,6.312167608373009,0.8490410933774039,-65.66221,-43.359375
3,7.57409246256061,2.130402465455881,-65.66221,-43.359375
4,6.691439012748042,1.4828690064024814,-65.66221,-43.359375
5,2.800971710951772,1.557392398206473,-65.66221,-43.359375
6,1.7689403390238925,-0.9796207776961313,-65.66221,-43.359375
7,1.3540658623515338,-3.0057206580842415,-65.66221,-43.359375
0,1.2270378557805912,0.07357367162800182,-65.66221,-40.546875
1,2.3287435472425515,2.1649965600224292,-65.66221,-40.546875
2,7.011050629725939,1.3890179235763345,-65.66221,-40.546875
3,8.522738215578583,1.8349596954628555,-65.66221,-40.546875
4,8.256283929249054,1.527865584016963,-65.66221,-40.546875
5,3.3856797690685227,1.2831637161371974,-65.66221,-40.546875
6,2.3494788670684605,0.7568293637072614,-65.66221,-40.546875
7,1.3332132003424781,-4.275175599682064,-65.66221,-40.546875
0,1.1549744772701362,0.3337886623412045,-65.66221,-37.734375
1,2.7813570166126813,2.1887537343235297,-65.66221,-37.734375
2,7.251483922913988,1.6538197246458861,-65.66221,-37.734375
3,8.229859908373307,1.779245337433241,-65.66221,-37.734375
4,9.18894213975763,1.9400516153506588,-65.66221,-37.734375
5,4.312929808975965,1.1377500736043469,-65.66221,-37.734375
6,2.7967403596069347,1.7694038788488147,-65.66221,-37.734375
7,1.6218126370005248,-5.108210194256231,-65.66221,-37.734375
0,0.3023442927823448,2.362221090533358,-65.66221,-35.039062
1,3.078438465571437,1.8547575659897584,-65.66221,-35.039062
2,7.1618201496818585,1.888926098557907,-65.66221,-35.039062
3,7.798782901876457,1.0085973931563104,-65.66221,-35.039062
4,9.752855358622632,2.5255927528239717,-65.66221,-35.039062
5,4.82459795628097,1.1548861522543883,-65.66221,-35.039062
6,2.6083257937121513,2.2239887613761105,-65.66221,-35.039062
7,2.03659462813969,-5.534461018398464,-65.66221,-35.039062
0,1.3328839930428062,1.2253981392709479,-63.31922,-60.0
1,-1.2290156149601017,0.8973512949454521,-63.31922,-60.0
2,4.498992883318736,1.490957256103622,-63.31922,-60.0
3,13.676844892846319,5.096104605418979,-63.31922,-60.0
4,14.347809109006768,4.620493821234736,-63.31922,-60.0
5,3.393781210562842,2.742187925574679,-63.31922,-60.0
6,10.001169579985472,2.697149747160129,-63.31922,-60.0
7,10.718183570659784,-0.22581044920928325,-63.31922,-60.0
0,1.4773184408043933,0.7940541072989133,-63.31922,-57.1875
1,-0.13470939451993974,5.886664000100091,-63.31922,-57.1875
2,6.9268297147083056,-0.8964494527950233,-63.31922,-57.1875
3,4.589789305727761,0.2730140599728259,-63.31922,-57.1875
4,6.123095514712994,0.7392380050913337,-63.31922,-57.1875
5,2.117016919847598,1.2126466034076697,-63.31922,-57.1875
6,6.368543107009668,-0.3386255937253447,-63.31922,-57.1875
7,12.910150054733196,-2.0288508523908555,-63.31922,-57.1875
0,-0.5053049984132691,0.7289177167935269,-63.31922,-54.492188
1,-2.106437598952645,3.6230418946492,-63.31922,-54.492188
2,4.7367334442798885,-2.705335716392598,-63.31922,-54.492188
3,4.6553727566366,0.8371876229543145,-63.31922,-54.492188
4,0.0662493342055518,1.4758763950042193,-63.31922,-54.492188
5,0.28066353540358996,2.251340967488141,-63.31922,-54.492188
6,-1.219934520005091,-2.3667666330907404,-63.31922,-54.492188
7,5.315704265302236,-2.0643528347441467,-63.31922,-54.492188
0,0.212297335762709,1.9658370214190148,-63.31922,-51.679688
1,-2.066398280061497,2.306316811811566,-63.31922,-51.679688
2,6.017545504485649,-1.425562359499261,-63.31922,-51.679688
3,6.810929818085765,2.121301122711396,-63.31922,-51.679688
4,-1.0263138528859785,0.8346473805430986,-63.31922,-51.679688
5,1.731651893958065,1.7741143027816275,-63.31922,-51.679688
6,-1.8333407531740418,-3.653309772066186,-63.31922,-51.679688
7,6.175383810615919,-1.650963349082895,-63.31922,-51.679688
0,1.3068492329995898,3.640953232109958,-63.31922,-48.867188
1,-1.4129020875800198,2.2022956873106128,-63.31922,-48.867188
2,5.914621749916351,-0.711926278141407,-63.31922,-48.867188
3,6.845840397494665,2.263207962744319,-63.31922,-48.867188
4,-1.893111553683459,0.39600242345092185,-63.31922,-48.867188
5,2.3412190872724343,1.9120889533158734,-63.31922,-48.867188
6,-1.6235402677843076,-3.0809782576356075,-63.31922,-48.867188
7,6.163664517599341,-1.991326405310967,-63.31922,-48.867188
0,-0.6367007526707247,1.6462277171364976,-63.31922,-46.054688
1,-0.877070024947819,2.589171055924675,-63.31922,-46.054688
2,6.048923170312224,-0.31365867825398946,-63.31922,-46.054688
3,6.969325227614475,1.979329182513543,-63.31922,-46.054688
4,-0.6059720446602378,0.6470209582047474,-63.31922,-46.054688
5,2.0466356990969072,1.3278137590610752,-63.31922,-46.054688
6,-0.2603112037582881,-1.624448232664788,-63.31922,-46.054688
7,4.932671269051965,-2.594613618711901,-63.31922,-46.054688
0,-0.7392995349878717,-0.009531052550725477,-63.31922,-43.359375
1,0.11445946077961065,2.4853666989218364,-63.31922,-43.359375
2,5.9939741492642575,-0.4526708158525547,-63.31922,-43.359375
3,6.934437295094189,2.1985143597828274,-63.31922,-43.359375
4,1.4624512915024113,1.0523585656592782,-63.31922,-43.359375
5,2.050614816360116,1.0051708774241421,-63.31922,-43.359375
6,0.5258847890857251,-0.07688862440335575,-63.31922,-43.359375
7,3.6844858262540483,-3.9668364377521574,-63.31922,-43.359375
0,-0.11810959930557728,1.2031988831944955,-63.31922,-40.546875
1,1.058047524250197,2.20808917823167,-63.31922,-40.546875
2,6.243415255342497,-0.48290018040301624,-63.31922,-40.546875
3,7.141435911111974,2.0155802726931946,-63.31922,-40.546875
4,4.09446032462475,1.3165627936402413,-63.31922,-40.546875
5,2.523744745116522,0.7629327055363707,-63.31922,-40.546875
6,1.6857098592944737,1.6131238672958927,-63.31922,-40.546875
7,2.815071567697903,-4.944328924002742,-63.31922,-40.546875
0,0.7113664939993857,3.4492872726093498,-63.31922,-37.734375
1,1.718589224156262,2.419774893097372,-63.31922,-37.734375
2,6.594941243570673,-0.115715718859008,-63.31922,-37.734375
3,7.5601212422237225,1.1095421844149236,-63.31922,-37.734375
4,6.296781746524132,1.1869184627784586,-63.31922,-37.734375
5,2.862927082759071,0.6410703659265591,-63.31922,-37.734375
6,2.0070588710221724,2.8057132186673006,-63.31922,-37.734375
7,2.303217239849876,-5.647179804479575,-63.31922,-37.734375
0,-1.1638255527943289,5.739746824411739,-63.31922,-35.039062
1,1.9697177922860185,2.8204419945095918,-63.31922,-35.039062
2,7.122699567525481,0.1736427846570544,-63.31922,-35.039062
3,8.09381424105953,0.7124003400418036,-63.31922,-35.039062
4,8.077522279063874,1.22903917341525,-63.31922,-35.039062
5,3.220011086784702,0.6941480309727989,-63.31922,-35.039062
6,2.0276012805023425,3.242390339546375,-63.31922,-35.039062
7,1.7941048306526615,-6.056188373096513,-63.31922,-35.039062
0,6.671283123866385,2.558823326316109,-60.976234,-60.0
1,-2.034339960226596,6.2478131185260635,-60.976234,-60.0
2,8.429565923001825,2.43324349558857,-60.976234,-60.0
3,14.45044729644364,7.123845115900429,-60.976234,-60.0
4,12.528740332406445,3.842380292585062,-60.976234,-60.0
5,10.380619980463637,5.921124975437202,-60.976234,-60.0
6,10.991694183681751,2.873658751454578,-60.976234,-60.0
7,10.608675042219904,-2.29091227356067,-60.976234,-60.0
0,8.042424242003717,4.19816734582388,-60.976234,-57.1875
1,-3.313772087549161,7.271075904502037,-60.976234,-57.1875
2,9.076688500000186,2.7334993474232356,-60.976234,-57.1875
3,16.65160369347223,7.921830300455853,-60.976234,-57.1875
4,14.910564921197768,4.401699280855969,-60.976234,-57.1875
5,8.705347200082121,6.3062663289526695,-60.976234,-57.1875
6,12.996218951773324,3.199454416533842,-60.976234,-57.1875
7,12.595952803905192,-2.832615927945357,-60.976234,-57.1875
0,2.766385023080089,2.268432754786173,-60.976234,-54.492188
1,-1.690706665184455,2.5862262293025924,-60.976234,-54.492188
2,6.061626169513741,1.3884741675729078,-60.976234,-54.492188
3,9.185563610338566,3.579790791439498,-60.976234,-54.492188
4,12.171486347785132,2.6142955124793095,-60.976234,-54.492188
5,5.323651049536881,5.048133196694573,-60.976234,-54.492188
6,7.7496496076886,1.291574105999298,-60.976234,-54.492188
7,11.450690239964395,-1.8958341824213611,-60.976234,-54.492188
0,1.7934154157684328,3.1823740916753995,-60.976234,-51.679688
1,-4.859190915475281,1.3958918580929633,-60.976234,-51.679688
2,5.71546962500181,0.506123373668722,-60.976234,-51.679688
3,10.09090399936442,2.06013061878826,-60.976234,-51.679688
4,12.077717191256724,1.647632962153944,-60.976234,-51.679688
5,4.509159116860396,3.8474690257137536,-60.976234,-51.679688
6,4.131413402306487,-1.4865541805529183,-60.976234,-51.679688
7,11.055057067879245,-1.9995248765294102,-60.976234,-51.679688
0,2.701262873348437,3.7770065472899503,-60.976234,-48.867188
1,-3.712956814081791,1.6660770194475438,-60.976234,-48.867188
2,5.5236169373418775,0.5458729498824992,-60.976234,-48.867188
3,9.80082130059923,1.362805450874122,-60.976234,-48.867188
4,10.262801247322498,0.343704615241233,-60.976234,-48.867188
5,1.761036755832418,2.779195949298641,-60.976234,-48.867188
6,2.078431809349685,-0.9425697073711133,-60.976234,-48.867188
7,10.25171336406009,-2.485369313928422,-60.976234,-48.867188
0,3.0365941467878703,3.1397861287465734,-60.976234,-46.054688
1,-2.3248832125247607,1.7008763296951586,-60.976234,-46.054688
2,4.9166516193641305,0.6864896212725774,-60.976234,-46.054688
3,9.48198290232504,1.6909939488896937,-60.976234,-46.054688
4,7.396641305135147,-0.0386780739677561,-60.976234,-46.054688
5,2.149641372325428,2.230458571856938,-60.976234,-46.054688
6,0.8635533319424473,-0.20318179868797637,-60.976234,-46.054688
7,9.926103077482823,-3.065972478920971,-60.976234,-46.054688
0,-2.5683614886383554,-0.17269644887892166,-60.976234,-43.359375
1,-1.9672654306383144,0.97320065641046,-60.976234,-43.359375
2,4.526415695212731,1.1802926213706921,-60.976234,-43.359375
3,10.003517100464625,1.2636953375876552,-60.976234,-43.359375
4,4.791267863546638,0.5498655054687254,-60.976234,-43.359375
5,0.7592382795695362,2.092965467677075,-60.976234,-43.359375
6,0.9869226654582022,1.4057072388650893,-60.976234,-43.359375
7,8.035073278225122,-3.6928299487282366,-60.976234,-43.359375
0,-0.7769134224063414,1.7674858287349604,-60.976234,-40.546875
1,-0.7024122778204388,2.370098827669629,-60.976234,-40.546875
2,4.1990703833349174,1.5028110502390162,-60.976234,-40.546875
3,10.07167041237396,0.3026677673280029,-60.976234,-40.546875
4,4.70513435780841,0.7747564184480589,-60.976234,-40.546875
5,0.3355525273089138,1.8456499734237795,-60.976234,-40.546875
6,1.6981796367503572,2.8230248692229143,-60.976234,-40.546875
7,6.166873033663958,-4.400538935498347,-60.976234,-40.546875
0,1.9224504711679267,5.029141225650313,-60.976234,-37.734375
1,0.7281795709504819,3.4387482827795357,-60.976234,-37.734375
2,4.197976925249779,2.079723390321876,-60.976234,-37.734375
3,10.41617031525219,-0.6882528826088149,-60.976234,-37.734375
4,5.550832372096969,0.8202612600538596,-60.976234,-37.734375
5,-0.21379933258444808,2.263803384110544,-60.976234,-37.734375
6,1.6760834876520887,4.249288668689234,-60.976234,-37.734375
7,4.788794496017889,-4.685982249998856,-60.976234,-37.734375
0,2.4297569430909443,7.15840757228731,-60.976234,-35.039062
1,0.5484304265967112,3.753004104538064,-60.976234,-35.039062
2,4.549795003254542,2.2176296444844144,-60.976234,-35.039062
3,10.507074640031703,-1.6481332482284357,-60.976234,-35.039062
4,6.8336747910430615,0.3505359178165545,-60.976234,-35.039062
5,-0.15040930477556722,2.533731721222995,-60.976234,-35.039062
6,1.9146015607350784,5.0403585816111365,-60.976234,-35.039062
7,3.6029017909099514,-4.60622151885848,-60.976234,-35.039062
0,6.2073478832471,0.331400726635176,-58.633247,-60.0
1,2.920201825269082,8.212141224857191,-58.633247,-60.0
2,5.620240189672749,5.240276963134764,-58.633247,-60.0
3,13.77431316930673,7.12904504023221,-58.633247,-60.0
4,10.973692020887375,3.5178725835477134,-58.633247,-60.0
5,8.882436670291897,7.875535395177027,-58.633247,-60.0
6,9.842139362564902,3.9603983817403012,-58.633247,-60.0
7,6.59293587778165,-1.4852318021215993,-58.633247,-60.0
0,7.765049857875531,1.9754889484430134,-58.633247,-57.1875
1,-0.3191682203590094,5.635158302653232,-58.633247,-57.1875
2,4.963247412887612,5.15753937362955,-58.633247,-57.1875
3,13.91023714980208,6.624219213186991,-58.633247,-57.1875
4,12.175596253945765,2.946345660664342,-58.633247,-57.1875
5,9.006902240992956,7.356616589365093,-58.633247,-57.1875
6,10.200642135623147,4.339300064033014,-58.633247,-57.1875
7,7.160793516783215,-1.998393657472911,-58.633247,-57.1875
0,8.010900273905827,4.717538802080628,-58.633247,-54.492188
1,-1.6568854044327603,3.8817279726731644,-58.633247,-54.492188
2,4.333797126798074,5.320513026708032,-58.633247,-54.492188
3,13.841635189500336,5.861438684814218,-58.633247,-54.492188
4,13.560057843449385,3.086633633453337,-58.633247,-54.492188
5,8.983916121724143,6.743688636619147,-58.633247,-54.492188
6,9.865880214933282,4.215445307882663,-58.633247,-54.492188
7,8.230641899106589,-1.7071518993589418,-58.633247,-54.492188
0,8.614811766506774,5.595925377252456,-58.633247,-51.679688
1,-4.52009325662049,1.7689956241392268,-58.633247,-51.679688
2,3.5772062791577075,5.248520255339014,-58.633247,-51.679688
3,13.954121276937563,4.556284472574675,-58.633247,-51.679688
4,13.587898947991071,2.775104322552703,-58.633247,-51.679688
5,9.170038226075624,5.949973172631367,-58.633247,-51.679688
6,8.393562826893021,4.044512368337739,-58.633247,-51.679688
7,9.012698235107889,-1.6772620128403568,-58.633247,-51.679688
0,7.218513020629342,6.128923997342369,-58.633247,-48.867188
1,-5.392412808297826,0.5302311344419546,-58.633247,-48.867188
2,2.7322374656748534,5.824267563050106,-58.633247,-48.867188
3,14.173721603167515,3.056240349487767,-58.633247,-48.867188
4,13.914003902936187,2.2024204757944847,-58.633247,-48.867188
5,9.396995012017959,4.645646087677734,-58.633247,-48.867188
6,6.735715869751388,3.520392450996012,-58.633247,-48.867188
7,10.094414083970326,-1.6313634484936526,-58.633247,-48.867188
0,6.757559596278302,6.088681907835987,-58.633247,-46.054688
1,-5.058812155839003,0.6033766096543982,-58.633247,-46.054688
2,1.4791052567248435,6.2887777938769105,-58.633247,-46.054688
3,14.23560605028832,1.585515104532523,-58.633247,-46.054688
4,13.457583044324316,1.5863976352905917,-58.633247,-46.054688
5,8.611197096707308,4.0709245604711946,-58.633247,-46.054688
6,5.634548887848898,4.507326884848334,-58.633247,-46.054688
7,11.070393325877554,-1.6634752914815596,-58.633247,-46.054688
0,4.0868435813674955,3.0609333302523294,-58.633247,-43.359375
1,-3.9329328859718458,0.878563731060933,-58.633247,-43.359375
2,0.24708648156610669,5.197794110738529,-58.633247,-43.359375
3,11.797667142923453,0.313648617062366,-58.633247,-43.359375
4,10.150841098321846,0.3111700308996535,-58.633247,-43.359375
5,6.42966246677305,2.358607935774447,-58.633247,-43.359375
6,2.0634443194589216,3.375240186264625,-58.633247,-43.359375
7,9.876731998386036,-2.1654957197658486,-58.633247,-43.359375
0,-1.2602775891612106,0.7487046025552585,-58.633247,-40.546875
1,-2.1433823449726996,1.6774244038758528,-58.633247,-40.546875
2,-0.01427297966462282,4.774505481256245,-58.633247,-40.546875
3,11.27292191484908,-0.7537713938432905,-58.633247,-40.546875
4,8.596054371316471,-0.3278382855735515,-58.633247,-40.546875
5,5.977195924936061,0.8789289401426054,-58.633247,-40.546875
6,2.130353042059793,4.409164340248527,-58.633247,-40.546875
7,7.620828859250861,-3.2754358305299625,-58.633247,-40.546875
0,2.03691940390877,3.547502825779302,-58.633247,-37.734375
1,0.08089612183602816,2.627784766827075,-58.633247,-37.734375
2,-0.07289229053422108,4.274527068254563,-58.633247,-37.734375
3,11.198599194708605,-1.6967019169199629,-58.633247,-37.734375
4,6.766830949957043,0.05770265139262678,-58.633247,-37.734375
5,6.728750679690315,0.578378201894624,-58.633247,-37.734375
6,2.296614571625386,5.1895305487066254,-58.633247,-37.734375
7,6.672608236256754,-2.881619694672745,-58.633247,-37.734375
0,5.622971870603866,5.410703186927034,-58.633247,-35.039062
1,2.312542408190756,3.5876390083228404,-58.633247,-35.039062
2,0.2191871867659456,3.1017418648306285,-58.633247,-35.039062
3,10.985284837870154,-2.7318152823249737,-58.633247,-35.039062
4,5.6184398497988814,0.16903260066028272,-58.633247,-35.039062
5,7.207593331660597,-0.20286983878265552,-58.633247,-35.039062
6,2.229650675726572,5.9418452185763835,-58.633247,-35.039062
7,5.3829896077405435,-2.8678079264743417,-58.633247,-35.039062
0,12.001596523600858,1.0720708553565756,-56.29026,-60.0
1,9.795123102910736,6.2228759972665095,-56.29026,-60.0
2,2.2825348876089984,7.56126404696987,-56.29026,-60.0
3,12.836002591801458,6.686582103225368,-56.29026,-60.0
4,9.084172974787709,0.05314847877372475,-56.29026,-60.0
5,4.562221117617681,9.047096220930534,-56.29026,-60.0
6,8.90080952557277,5.363663614185335,-56.29026,-60.0
7,6.175985653867013,-2.783947383969934,-56.29026,-60.0
0,10.34366083464078,2.939533018032104,-56.29026,-57.1875
1,11.106347712161558,5.968979736662216,-56.29026,-57.1875
2,2.1864190407511206,8.588745484291598,-56.29026,-57.1875
3,13.160287522184818,7.284876824593366,-56.29026,-57.1875
4,11.175497820242533,0.9629894040689834,-56.29026,-57.1875
5,4.778253189636517,8.523345037694442,-56.29026,-57.1875
6,8.748705627908432,6.4973223882632025,-56.29026,-57.1875
7,8.480649970202302,-3.887523751964547,-56.29026,-57.1875
0,8.310695339060723,4.2336270756584,-56.29026,-54.492188
1,10.90768099547221,5.612835100601822,-56.29026,-54.492188
2,1.7182530261615316,7.7292817882075795,-56.29026,-54.492188
3,13.49396846360918,6.702246291562029,-56.29026,-54.492188
4,12.318178699965296,1.8772041188133155,-56.29026,-54.492188
5,5.443508995295219,7.614886870358805,-56.29026,-54.492188
6,8.408532318458482,6.946395310490893,-56.29026,-54.492188
7,9.142529123425513,-4.269165080656932,-56.29026,-54.492188
0,9.33042565532015,6.510655132614066,-56.29026,-51.679688
1,7.361534961373007,4.209495811996013,-56.29026,-51.679688
2,0.6822573278086272,8.36810076724583,-56.29026,-51.679688
3,13.882609654344193,5.7084932891996205,-56.29026,-51.679688
4,13.57110051333605,2.976607290109163,-56.29026,-51.679688
5,6.324246985540601,6.621840626409554,-56.29026,-51.679688
6,7.946684223474771,7.327094584604112,-56.29026,-51.679688
7,10.13521717619995,-4.001848849782939,-56.29026,-51.679688
0,9.742012875464049,6.885859849313499,-56.29026,-48.867188
1,2.275185867384105,1.446810950311421,-56.29026,-48.867188
2,0.23515266012805883,9.110670960823798,-56.29026,-48.867188
3,13.273943212752476,3.5834936530339303,-56.29026,-48.867188
4,12.662385493583466,2.690808026051931,-56.29026,-48.867188
5,6.650822834190716,5.05090792183599,-56.29026,-48.867188
6,6.877799870913415,7.021487091755073,-56.29026,-48.867188
7,9.992260534924768,-3.731925288271072,-56.29026,-48.867188
0,9.117568736944095,5.3958723374863355,-56.29026,-46.054688
1,-2.232038949386335,-0.8485500460414747,-56.29026,-46.054688
2,-1.062192912310067,10.511741423913811,-56.29026,-46.054688
3,12.676703090434515,1.6982618812906116,-56.29026,-46.054688
4,12.639353908173875,2.1539098386688686,-56.29026,-46.054688
5,6.524574238320043,3.051607708512432,-56.29026,-46.054688
6,5.291134704121668,6.7318941856011625,-56.29026,-46.054688
7,10.305860049070569,-3.3038423109623487,-56.29026,-46.054688
0,9.475551607646022,5.240487841911434,-56.29026,-43.359375
1,-4.815185020083502,-0.9980016013018163,-56.29026,-43.359375
2,-3.5911049106687805,10.457156434181305,-56.29026,-43.359375
3,13.220505516144797,0.7082472393056586,-56.29026,-43.359375
4,13.064455603333146,2.3508543793152894,-56.29026,-43.359375
5,6.995825909604651,1.9062291523562453,-56.29026,-43.359375
6,4.573341410640157,7.6277670618909275,-56.29026,-43.359375
7,10.716464220045632,-3.0980052896944277,-56.29026,-43.359375
0,8.649073275449249,5.049046532505648,-56.29026,-40.546875
1,-1.942355398842829,0.7570297798629336,-56.29026,-40.546875
2,-6.479605704506478,9.354199327442391,-56.29026,-40.546875
3,13.127063348927367,0.129466510489767,-56.29026,-40.546875
4,12.681434368059362,1.6744156136005668,-56.29026,-40.546875
5,7.174394414645732,0.8879526123140175,-56.29026,-40.546875
6,3.565827823692509,8.712979253038156,-56.29026,-40.546875
7,10.697691109839269,-2.8188863845945167,-56.29026,-40.546875
0,6.865276182376253,4.000068353741989,-56.29026,-37.734375
1,-1.7325719755726705,1.9995248017750535,-56.29026,-37.734375
2,-7.965521106386491,7.4866974907916095,-56.29026,-37.734375
3,12.828564308754743,-1.6073567384935332,-56.29026,-37.734375
4,11.922833786550662,-0.08844992679101553,-56.29026,-37.734375
5,7.712505327598958,-0.4551753825995611,-56.29026,-37.734375
6,1.9870494231301474,7.959856540382565,-56.29026,-37.734375
7,10.533925740248145,-2.7083513350620922,-56.29026,-37.734375
0,5.4314746643801435,4.635189738327648,-56.29026,-35.039062
1,0.2928529548635158,3.9145734493217517,-56.29026,-35.039062
2,-6.898438469016663,4.353536266495181,-56.29026,-35.039062
3,13.648204753211134,-2.60812013599933,-56.29026,-35.039062
4,13.168412171162052,-1.530525332896069,-56.29026,-35.039062
5,9.91537389538754,-1.5227055553669968,-56.29026,-35.039062
6,2.638733407297379,9.32766664061908,-56.29026,-35.039062
7,10.650252262797428,-2.0282977999467082,-56.29026,-35.039062
0,12.405463499148325,0.4352740732320071,-53.947273,-60.0
1,10.401125094852391,2.841961792136635,-53.947273,-60.0
2,-1.3567560725993095,8.870695722543829,-53.947273,-60.0
3,11.156130259607522,6.236440424947959,-53.947273,-60.0
4,7.612806249628927,-5.0979950504799145,-53.947273,-60.0
5,2.257218054801799,7.026707861732234,-53.947273,-60.0
6,7.679764736608502,4.341278523537874,-53.947273,-60.0
7,7.376384178926126,-7.61752374805175,-53.947273,-60.0
0,12.874181747774001,2.8327444713700953,-53.947273,-57.1875
1,12.086945476861542,3.4191381647366517,-53.947273,-57.1875
2,0.11031926201490054,9.188352307401857,-53.947273,-57.1875
3,11.783217655685023,5.90992965510237,-53.947273,-57.1875
4,10.189938469904579,-2.8590052333859326,-53.947273,-57.1875
5,2.1921155229024567,5.598020982721219,-53.947273,-57.1875
6,8.118357116880526,6.624822726178722,-53.947273,-57.1875
7,8.03443223384109,-7.429349158481088,-53.947273,-57.1875
0,11.946644405937745,3.858653305556381,-53.947273,-54.492188
1,13.242895694227462,3.66546493061944,-53.947273,-54.492188
2,0.5769620316055234,8.74310693312236,-53.947273,-54.492188
3,11.802365092376531,5.3038157988824866,-53.947273,-54.492188
4,11.775774701720529,-1.024499619489214,-53.947273,-54.492188
5,2.5679871978845603,4.006576335187332,-53.947273,-54.492188
6,7.838764450592561,7.642461947869331,-53.947273,-54.492188
7,8.864368707646523,-6.449704201953913,-53.947273,-54.492188
0,10.886279415017597,4.7624252793726205,-53.947273,-51.679688
1,14.03774361401789,3.284113277066277,-53.947273,-51.679688
2,0.817016046057625,8.909736828671909,-53.947273,-51.679688
3,11.76787689604127,4.515713421182794,-53.947273,-51.679688
4,12.812637917381542,1.1697093930124802,-53.947273,-51.679688
5,3.483149597277984,3.470607573278816,-53.947273,-51.679688
6,7.079146087825028,8.468192054849235,-53.947273,-51.679688
7,9.432590674597828,-5.3384071943907365,-53.947273,-51.679688
0,9.738054823727673,5.259615896144026,-53.947273,-48.867188
1,13.414285940871354,1.7509149437207627,-53.947273,-48.867188
2,0.9017454688613636,9.68961986954544,-53.947273,-48.867188
3,11.057042048477939,3.535715366959815,-53.947273,-48.867188
4,12.09614838398385,2.526782922932993,-53.947273,-48.867188
5,5.432483517956175,1.3538031346275028,-53.947273,-48.867188
6,6.737546411634526,7.9214248434415095,-53.947273,-48.867188
7,9.57391048727481,-3.9808961493201855,-53.947273,-48.867188
0,9.654904475887614,4.698359369656836,-53.947273,-46.054688
1,10.226840661223335,-1.2062633349999414,-53.947273,-46.054688
2,3.977886739263761,11.59065500193693,-53.947273,-46.054688
3,10.678187964526991,2.404481249426501,-53.947273,-46.054688
4,11.463771524245294,2.822256763831909,-53.947273,-46.054688
5,6.616145569915432,-0.43226921955866526,-53.947273,-46.054688
6,5.728078923747231,7.917401926973077,-53.947273,-46.054688
7,9.45429351865077,-3.298194937718229,-53.947273,-46.054688
0,9.997622771346476,4.213129167245348,-53.947273,-43.359375
1,6.936410405656741,-0.9222378206943693,-53.947273,-43.359375
2,4.89507341649431,10.422422348026833,-53.947273,-43.359375
3,10.164039671649084,1.522883960617941,-53.947273,-43.359375
4,10.672191590467099,2.3277335832044503,-53.947273,-43.359375
5,7.750403204645689,-2.3351885166518436,-53.947273,-43.359375
6,5.16123672761432,9.220014941224596,-53.947273,-43.359375
7,9.353667245536482,-3.05189554380556,-53.947273,-43.359375
0,10.732727499881198,4.271517103760195,-53.947273,-40.546875
1,4.047567891310822,0.18960534865868695,-53.947273,-40.546875
2,4.11512493436978,8.184491361822067,-53.947273,-40.546875
3,9.994823315146482,1.5077886153908597,-53.947273,-40.546875
4,10.66581037615665,1.3664411198618127,-53.947273,-40.546875
5,8.68998408814163,-3.5830002625500583,-53.947273,-40.546875
6,4.462121051685078,10.164479870572428,-53.947273,-40.546875
7,9.54574590718864,-1.8409821019934303,-53.947273,-40.546875
0,9.985996757647223,5.670792239118511,-53.947273,-37.734375
1,2.1004062232641627,3.559637001672202,-53.947273,-37.734375
2,-3.3958508034118977,8.346618585736024,-53.947273,-37.734375
3,8.231571692976038,4.103847078598235,-53.947273,-37.734375
4,9.769810401811249,2.8803872899227265,-53.947273,-37.734375
5,8.125340136795495,-3.3364376143966124,-53.947273,-37.734375
6,2.7923455528276873,12.31523100279268,-53.947273,-37.734375
7,8.740247090600537,1.3132428277386943,-53.947273,-37.734375
0,5.164207543200013,0.6578597595339138,-53.947273,-35.039062
1,-0.15745819390171956,3.6116917527960033,-53.947273,-35.039062
2,-1.3920350152687744,1.5598199572609446,-53.947273,-35.039062
3,8.070369217083904,-0.0956875366142732,-53.947273,-35.039062
4,11.202289022898606,-1.5581391296505664,-53.947273,-35.039062
5,12.80024334601446,-5.6463561423999975,-53.947273,-35.039062
6,1.3274500060327497,11.140111552613462,-53.947273,-35.039062
7,8.306619479283107,-1.9694725241910165,-53.947273,-35.039062
