day,current_u,current_v,lat,lon
0,,,-72.958336,65.95834
1,,,-72.958336,65.95834
2,,,-72.958336,65.95834
3,,,-72.958336,65.95834
4,,,-72.958336,65.95834
5,,,-72.958336,65.95834
6,,,-72.958336,65.95834
7,,,-72.958336,65.95834
0,,,-72.958336,68.70834
1,,,-72.958336,68.70834
2,,,-72.958336,68.70834
3,,,-72.958336,68.70834
4,,,-72.958336,68.70834
5,,,-72.958336,68.70834
6,,,-72.958336,68.70834
7,,,-72.958336,68.70834
0,,,-72.958336,71.29167
1,,,-72.958336,71.29167
2,,,-72.958336,71.29167
3,,,-72.958336,71.29167
4,,,-72.958336,71.29167
5,,,-72.958336,71.29167
6,,,-72.958336,71.29167
7,,,-72.958336,71.29167
0,,,-72.958336,73.95834
1,,,-72.958336,73.95834
2,,,-72.958336,73.95834
3,,,-72.958336,73.95834
4,,,-72.958336,73.95834
5,,,-72.958336,73.95834
6,,,-72.958336,73.95834
7,,,-72.958336,73.95834
0,,,-72.958336,76.70836
1,,,-72.958336,76.70836
2,,,-72.958336,76.70836
3,,,-72.958336,76.70836
4,,,-72.958336,76.70836
5,,,-72.958336,76.70836
6,,,-72.958336,76.70836
7,,,-72.958336,76.70836
0,,,-72.958336,79.29167
1,,,-72.958336,79.29167
2,,,-72.958336,79.29167
3,,,-72.958336,79.29167
4,,,-72.958336,79.29167
5,,,-72.958336,79.29167
6,,,-72.958336,79.29167
7,,,-72.958336,79.29167
0,,,-72.958336,81.95836
1,,,-72.958336,81.95836
2,,,-72.958336,81.95836
3,,,-72.958336,81.95836
4,,,-72.958336,81.95836
5,,,-72.958336,81.95836
6,,,-72.958336,81.95836
7,,,-72.958336,81.95836
0,,,-72.958336,84.70836
1,,,-72.958336,84.70836
2,,,-72.958336,84.70836
3,,,-72.958336,84.70836
4,,,-72.958336,84.70836
5,,,-72.958336,84.70836
6,,,-72.958336,84.70836
7,,,-72.958336,84.70836
0,,,-72.958336,87.29167
1,,,-72.958336,87.29167
2,,,-72.958336,87.29167
3,,,-72.958336,87.29167
4,,,-72.958336,87.29167
5,,,-72.958336,87.29167
6,,,-72.958336,87.29167
7,,,-72.958336,87.29167
0,,,-72.958336,89.95836
1,,,-72.958336,89.95836
2,,,-72.958336,89.95836
3,,,-72.958336,89.95836
4,,,-72.958336,89.95836
5,,,-72.958336,89.95836
6,,,-72.958336,89.95836
7,,,-72.958336,89.95836
0,,,-70.79167,65.95834
1,,,-70.79167,65.95834
2,,,-70.79167,65.95834
3,,,-70.79167,65.95834
4,,,-70.79167,65.95834
5,,,-70.79167,65.95834
6,,,-70.79167,65.95834
7,,,-70.79167,65.95834
0,,,-70.79167,68.70834
1,,,-70.79167,68.70834
2,,,-70.79167,68.70834
3,,,-70.79167,68.70834
4,,,-70.79167,68.70834
5,,,-70.79167,68.70834
6,,,-70.79167,68.70834
7,,,-70.79167,68.70834
0,,,-70.79167,71.29167
1,,,-70.79167,71.29167
2,,,-70.79167,71.29167
3,,,-70.79167,71.29167
4,,,-70.79167,71.29167
5,,,-70.79167,71.29167
6,,,-70.79167,71.29167
7,,,-70.79167,71.29167
0,,,-70.79167,73.95834
1,,,-70.79167,73.95834
2,,,-70.79167,73.95834
3,,,-70.79167,73.95834
4,,,-70.79167,73.95834
5,,,-70.79167,73.95834
6,,,-70.79167,73.95834
7,,,-70.79167,73.95834
0,,,-70.79167,76.70836
1,,,-70.79167,76.70836
2,,,-70.79167,76.70836
3,,,-70.79167,76.70836
4,,,-70.79167,76.70836
5,,,-70.79167,76.70836
6,,,-70.79167,76.70836
7,,,-70.79167,76.70836
0,,,-70.79167,79.29167
1,,,-70.79167,79.29167
2,,,-70.79167,79.29167
3,,,-70.79167,79.29167
4,,,-70.79167,79.29167
5,,,-70.79167,79.29167
6,,,-70.79167,79.29167
7,,,-70.79167,79.29167
0,,,-70.79167,81.95836
1,,,-70.79167,81.95836
2,,,-70.79167,81.95836
3,,,-70.79167,81.95836
4,,,-70.79167,81.95836
5,,,-70.79167,81.95836
6,,,-70.79167,81.95836
7,,,-70.79167,81.95836
0,,,-70.79167,84.70836
1,,,-70.79167,84.70836
2,,,-70.79167,84.70836
3,,,-70.79167,84.70836
4,,,-70.79167,84.70836
5,,,-70.79167,84.70836
6,,,-70.79167,84.70836
7,,,-70.79167,84.70836
0,,,-70.79167,87.29167
1,,,-70.79167,87.29167
2,,,-70.79167,87.29167
3,,,-70.79167,87.29167
4,,,-70.79167,87.29167
5,,,-70.79167,87.29167
6,,,-70.79167,87.29167
7,,,-70.79167,87.29167
0,,,-70.79167,89.95836
1,,,-70.79167,89.95836
2,,,-70.79167,89.95836
3,,,-70.79167,89.95836
4,,,-70.79167,89.95836
5,,,-70.79167,89.95836
6,,,-70.79167,89.95836
7,,,-70.79167,89.95836
0,,,-68.708336,65.95834
1,,,-68.708336,65.95834
2,,,-68.708336,65.95834
3,,,-68.708336,65.95834
4,,,-68.708336,65.95834
5,,,-68.708336,65.95834
6,,,-68.708336,65.95834
7,,,-68.708336,65.95834
0,,,-68.708336,68.70834
1,,,-68.708336,68.70834
2,,,-68.708336,68.70834
3,,,-68.708336,68.70834
4,,,-68.708336,68.70834
5,,,-68.708336,68.70834
6,,,-68.708336,68.70834
7,,,-68.708336,68.70834
0,0.036174250903642735,-0.035591065944835514,-68.708336,71.29167
1,-0.20413168354045416,0.035262886457510655,-68.708336,71.29167
2,0.022311249614797687,-0.06109190781265883,-68.708336,71.29167
3,-0.02095223369605184,0.0554908963009711,-68.708336,71.29167
4,-0.11776538877672689,0.10856910114336953,-68.708336,71.29167
5,-0.41054177881009907,-0.050840044263034866,-68.708336,71.29167
6,-0.32619931322810947,-0.0540061798468947,-68.708336,71.29167
7,-0.09167832621936733,0.017037588166241617,-68.708336,71.29167
0,-0.027200588471378823,0.05266355143434178,-68.79167,73.875015
1,-0.08997218964162423,0.06247899477800198,-68.79167,73.875015
2,-0.038567882617452,0.09702950866880705,-68.79167,73.875015
3,-0.0709627527518293,0.04839778956248834,-68.79167,73.875015
4,-0.07283133609179937,0.015747519823924434,-68.79167,73.875015
5,-0.1804076474030706,-0.03630395558543424,-68.79167,73.875015
6,-0.14747797122647502,-0.04014277443717178,-68.79167,73.875015
7,-0.07915574432881414,0.040678669915173084,-68.79167,73.875015
0,0.032688241536017695,-0.023428982276758433,-68.708336,76.70836
1,-0.013671119244853569,-0.061407452917753874,-68.708336,76.70836
2,0.004629629629629635,-0.03935185185185185,-68.708336,76.70836
3,5.669661107163672e-18,-0.0462962962962963,-68.708336,76.70836
4,-0.015196377891137662,-0.05657145207840073,-68.708336,76.70836
5,-0.11081176010020267,-0.11291595564485668,-68.708336,76.70836
6,-0.10725210307768873,-0.14526983374878943,-68.708336,76.70836
7,-0.057240560327217256,-0.02946278254943949,-68.708336,76.70836
0,,,-68.708336,79.29167
1,,,-68.708336,79.29167
2,,,-68.708336,79.29167
3,,,-68.708336,79.29167
4,,,-68.708336,79.29167
5,,,-68.708336,79.29167
6,,,-68.708336,79.29167
7,,,-68.708336,79.29167
0,,,-68.708336,81.95836
1,,,-68.708336,81.95836
2,,,-68.708336,81.95836
3,,,-68.708336,81.95836
4,,,-68.708336,81.95836
5,,,-68.708336,81.95836
6,,,-68.708336,81.95836
7,,,-68.708336,81.95836
0,,,-68.708336,84.70836
1,,,-68.708336,84.70836
2,,,-68.708336,84.70836
3,,,-68.708336,84.70836
4,,,-68.708336,84.70836
5,,,-68.708336,84.70836
6,,,-68.708336,84.70836
7,,,-68.708336,84.70836
0,,,-68.708336,87.29167
1,,,-68.708336,87.29167
2,,,-68.708336,87.29167
3,,,-68.708336,87.29167
4,,,-68.708336,87.29167
5,,,-68.708336,87.29167
6,,,-68.708336,87.29167
7,,,-68.708336,87.29167
0,,,-68.708336,89.95836
1,,,-68.708336,89.95836
2,,,-68.708336,89.95836
3,,,-68.708336,89.95836
4,,,-68.708336,89.95836
5,,,-68.708336,89.95836
6,,,-68.708336,89.95836
7,,,-68.708336,89.95836
0,-0.10282312804962151,-0.06874127144763646,-66.458336,65.95834
1,-0.17182241057591316,0.015236587690908507,-66.458336,65.95834
2,0.0553888590912787,0.030509081087122955,-66.458336,65.95834
3,0.016203703703703703,0.00925925925925926,-66.458336,65.95834
4,-0.1882499040066878,-0.033371812644284994,-66.458336,65.95834
5,-0.3316227395314531,0.0856853613915341,-66.458336,65.95834
6,-0.16724499379371763,-0.03697729569970468,-66.458336,65.95834
7,0.0,-2.8348305535818357e-18,-66.458336,65.95834
0,-0.06219018454823316,-0.03899956260967556,-66.458336,68.70834
1,-0.21715325775101532,0.07315239805794077,-66.458336,68.70834
2,0.031538625621604845,0.03555996190966801,-66.458336,68.70834
3,0.004910463758239911,0.042790003181107795,-66.458336,68.70834
4,-0.15422987585090706,-0.015032858043582446,-66.458336,68.70834
5,-0.29793005852153626,0.07651284726630748,-66.458336,68.70834
6,-0.0813149223205288,-0.05607343239371352,-66.458336,68.70834
7,-0.04119285667380783,0.04467404140623705,-66.458336,68.70834
0,-0.05233638737025278,-0.02833839636955589,-66.458336,71.29167
1,-0.19149214507918386,0.0549503789059847,-66.458336,71.29167
2,-0.012459787050686207,0.061731824472922366,-66.458336,71.29167
3,-0.0072252785730547294,0.07204009338786956,-66.458336,71.29167
4,-0.11396487592950094,-0.02135852295919212,-66.458336,71.29167
5,-0.2040723844899479,-0.04096687070604582,-66.458336,71.29167
6,-0.06649981958647651,-0.029462782549439497,-66.458336,71.29167
7,-0.07841346805194477,0.07032057871029991,-66.458336,71.29167
0,-0.00912663368794868,0.01515740516602023,-66.458336,73.95834
1,-0.1601214173483234,0.016859346196238797,-66.458336,73.95834
2,-0.008331158133415255,0.09103104569583936,-66.458336,73.95834
3,0.012276159395599784,0.058572455691896085,-66.458336,73.95834
4,-0.045267108847492306,0.005342290013367931,-66.458336,73.95834
5,-0.16035755602742155,-0.10620422748304566,-66.458336,73.95834
6,-0.02545820026457789,-0.02950464493540032,-66.458336,73.95834
7,-0.0755454937533778,0.07091586412374813,-66.458336,73.95834
0,0.005050880822545054,0.03542430754374793,-66.458336,76.70836
1,-0.12760355756939615,-0.06270120046963966,-66.458336,76.70836
2,-0.030211148020659787,0.0775261186403582,-66.458336,76.70836
3,0.0,0.03703703703703704,-66.458336,76.70836
4,-0.027064212631024192,-0.004797851486334912,-66.458336,76.70836
5,-0.18469862822960229,-0.1634678514811818,-66.458336,76.70836
6,-0.03465445697607291,-0.03842723418790577,-66.458336,76.70836
7,-0.0848779210406899,0.027007550670319503,-66.458336,76.70836
0,0.0119953252669895,0.04033477130198785,-66.458336,79.29167
1,-0.1116580722484501,-0.09695508045369984,-66.458336,79.29167
2,-0.033299174907806754,0.017569869011470476,-66.458336,79.29167
3,0.006944444444444445,0.00462962962962963,-66.458336,79.29167
4,0.0016415839511317084,-0.011664119978949975,-66.458336,79.29167
5,-0.20408507534681278,-0.19799858925558156,-66.458336,79.29167
6,-0.029528736694857838,-0.0674297928193124,-66.458336,79.29167
7,-0.08060215389760962,-0.021018078691645698,-66.458336,79.29167
0,,,-66.458336,81.95836
1,,,-66.458336,81.95836
2,,,-66.458336,81.95836
3,,,-66.458336,81.95836
4,,,-66.458336,81.95836
5,,,-66.458336,81.95836
6,,,-66.458336,81.95836
7,,,-66.458336,81.95836
0,0.011574074074074075,0.006944444444444445,-66.458336,84.70836
1,8.504491660745509e-19,-0.002314814814814815,-66.458336,84.70836
2,0.006944444444444447,-0.00925925925925926,-66.458336,84.70836
3,5.669661107163673e-19,-0.002314814814814815,-66.458336,84.70836
4,1.1339322214327345e-18,-0.00925925925925926,-66.458336,84.70836
5,-0.026305465348793813,-0.02167583571916419,-66.458336,84.70836
6,0.01662495489661913,-0.016624954896619127,-66.458336,84.70836
7,0.018799352647128804,-0.014169723017499171,-66.458336,84.70836
0,,,-66.458336,87.29167
1,,,-66.458336,87.29167
2,,,-66.458336,87.29167
3,,,-66.458336,87.29167
4,,,-66.458336,87.29167
5,,,-66.458336,87.29167
6,,,-66.458336,87.29167
7,,,-66.458336,87.29167
0,0.034862639286527365,0.004770046693934773,-66.458336,89.95836
1,0.03514347341513765,0.007365695637359872,-66.458336,89.95836
2,0.025462962962962965,1.2756737491118266e-18,-66.458336,89.95836
3,0.030092592592592598,1.842639859828194e-18,-66.458336,89.95836
4,0.02777777777777778,1.7008983321491018e-18,-66.458336,89.95836
5,-0.05586260598576429,-0.028629837874447908,-66.458336,89.95836
6,-0.050695812612305165,-0.021521642027964822,-66.458336,89.95836
7,-0.006944444444444445,-2.4096059705445605e-18,-66.458336,89.95836
0,-0.01524584050857572,-0.11644994030751417,-64.29167,65.95834
1,-0.0035256221762609685,0.07309026187425782,-64.29167,65.95834
2,0.10024696438210008,0.07676409146752035,-64.29167,65.95834
3,0.06651438594916392,0.07692209010562358,-64.29167,65.95834
4,-0.020794953478720592,-0.04450836156526194,-64.29167,65.95834
5,0.09299991935315959,0.09823124098831686,-64.29167,65.95834
6,0.017425971436272388,-0.01754480986218015,-64.29167,65.95834
7,-0.008407231476658283,0.08098154270456422,-64.29167,65.95834
0,0.007760315368704761,-0.06475309807250386,-64.29167,68.70834
1,0.04497579222257265,0.11055828691333813,-64.29167,68.70834
2,0.10664669834806202,0.0984078213791691,-64.29167,68.70834
3,0.0777962274603159,0.08791233913737195,-64.29167,68.70834
4,0.010038697160515146,-0.03362967513997609,-64.29167,68.70834
5,0.14581860353428608,0.03284773366154962,-64.29167,68.70834
6,0.06300169450406583,-0.024533582600631803,-64.29167,68.70834
7,-0.00526388776819531,0.09600972763366661,-64.29167,68.70834
0,0.017472219980835053,-0.023611261727024407,-64.29167,71.29167
1,0.06883695617568032,0.08506981869476932,-64.29167,71.29167
2,0.10248361045031225,0.12298257179494769,-64.29167,71.29167
3,0.09422878463939423,0.09827522931021665,-64.29167,71.29167
4,0.033458154040503445,-0.023512330508896857,-64.29167,71.29167
5,0.14524749878376494,0.03894877330312367,-64.29167,71.29167
6,0.05541513849125041,0.009399676323564405,-64.29167,71.29167
7,-0.02780935675107916,0.11957936632830284,-64.29167,71.29167
0,0.04878231760761126,0.018160331810178065,-64.29167,73.95834
1,0.08704926580138465,0.043179920743148865,-64.29167,73.95834
2,0.08131019119063364,0.14683640486952854,-64.29167,73.95834
3,0.0964122462459945,0.08644543559126429,-64.29167,73.95834
4,0.03149676323564402,-0.038509349466021005,-64.29167,73.95834
5,0.1348209275164798,-0.01908018677573908,-64.29167,73.95834
6,0.05787037037037038,0.0023148148148148186,-64.29167,73.95834
7,-0.022431774731467246,0.10401555318837895,-64.29167,73.95834
0,0.026513709596058994,-0.003703779011660352,-64.29167,76.70836
1,0.08404043252529587,-0.06139836937488532,-64.29167,76.70836
2,0.10109458085431455,0.09290575247781085,-64.29167,76.70836
3,0.12122220202910045,0.03384964330994038,-64.29167,76.70836
4,0.06292996641661829,-0.07099039320665412,-64.29167,76.70836
5,0.11169011386207162,-0.059834684373904046,-64.29167,76.70836
6,0.04401227091367649,-0.04025741872225767,-64.29167,76.70836
7,-0.05262453149621058,0.06157427325565218,-64.29167,76.70836
0,0.040872940670255584,0.0637115713185861,-64.29167,79.29167
1,0.04111333709336571,-0.023052373825460024,-64.29167,79.29167
2,0.0580008150935667,0.13612851628462339,-64.29167,79.29167
3,0.10613717725267934,0.07848523645582478,-64.29167,79.29167
4,0.03043649120577785,0.013077175935253043,-64.29167,79.29167
5,0.06911684798335577,-0.03140003858280357,-64.29167,79.29167
6,0.042087917859582095,-0.007365695637359867,-64.29167,79.29167
7,-0.08048957466784538,0.058507796437311625,-64.29167,79.29167
0,0.07860965905758269,0.03666932493192645,-64.29167,81.95836
1,0.0734173091916729,-0.0712752594405865,-64.29167,81.95836
2,0.09171067846870266,0.05785427117448424,-64.29167,81.95836
3,0.14774647293771734,0.04189650856889126,-64.29167,81.95836
4,0.1012248745126851,0.022270212142211507,-64.29167,81.95836
5,0.07719349829512565,-0.051648230005711414,-64.29167,81.95836
6,0.06245653181109353,0.0021459513498260263,-64.29167,81.95836
7,-0.075559781848533,0.02406859598421386,-64.29167,81.95836
0,0.019641855032959652,0.047700466939347715,-64.29167,84.70836
1,-0.006305423607493699,-0.06645833374029893,-64.29167,84.70836
2,-0.012348749276944892,0.03765577412642432,-64.29167,84.70836
3,0.08287929087814092,0.06062384518861763,-64.29167,84.70836
4,0.05953573147798711,0.038993990624057374,-64.29167,84.70836
5,0.0066653188439274235,-0.07652615281765268,-64.29167,84.70836
6,0.029884410282138146,0.010509039345822846,-64.29167,84.70836
7,-0.1170385652124533,0.002455231879119935,-64.29167,84.70836
0,0.025240430620542584,0.0770232089642653,-64.29167,87.29167
1,-0.010812092196348981,-0.047546778403189105,-64.29167,87.29167
2,-0.06979316769282551,0.021872088661612842,-64.29167,87.29167
3,0.07367891155177932,0.07050724431916773,-64.29167,87.29167
4,0.04496499380212218,0.06085918000600824,-64.29167,87.29167
5,-0.05703153075493828,-0.09396123785777256,-64.29167,87.29167
6,0.023080382901998844,0.0129642712249428,-64.29167,87.29167
7,-0.14478980695904378,-0.022817577399591445,-64.29167,87.29167
0,0.01950143796865451,0.05190884537606192,-64.29167,89.95836
1,-0.014910665643811,-0.05365761172066439,-64.29167,89.95836
2,-0.10845135439339672,-0.014082766703745364,-64.29167,89.95836
3,0.055685276205878105,0.02965705330452197,-64.29167,89.95836
4,0.03668806112249421,0.03437324630767939,-64.29167,89.95836
5,-0.06879600948144095,-0.1284555030426231,-64.29167,89.95836
6,0.020841124826327898,-0.027152730433009736,-64.29167,89.95836
7,-0.15735386483715272,-0.07010139435817968,-64.29167,89.95836
0,0.03896595679772694,-0.1278971651095648,-62.208336,65.95834
1,0.04545160626995127,0.04271077756383596,-62.208336,65.95834
2,0.11096658176517858,0.06947234385568092,-62.208336,65.95834
3,0.1704425992898868,0.1005803117136543,-62.208336,65.95834
4,0.10988615615710651,-0.05780294023394215,-62.208336,65.95834
5,0.1784673734524024,0.06577650298923171,-62.208336,65.95834
6,0.09526524175097895,-0.031202152480139494,-62.208336,65.95834
7,-0.015327130424906583,0.03381157805045882,-62.208336,65.95834
0,0.03567286929723281,-0.09045683249169395,-62.208336,68.70834
1,0.07688675141342294,0.10507669231149085,-62.208336,68.70834
2,0.1200227399217212,0.1172427341948475,-62.208336,68.70834
3,0.19120307840605688,0.16881242545557104,-62.208336,68.70834
4,0.11466463612436963,-0.018211493299565777,-62.208336,68.70834
5,0.21128215126964925,0.10580273148105501,-62.208336,68.70834
6,0.06383599852544007,0.014958229520587438,-62.208336,68.70834
7,-0.008247606514320866,0.14084339280965963,-62.208336,68.70834
0,-0.011474413239037059,-0.09808771032264986,-62.208336,71.29167
1,0.08598198127169741,0.05688386650665502,-62.208336,71.29167
2,0.09033009941555074,0.09652929957287791,-62.208336,71.29167
3,0.1404006095208764,0.11253774556568485,-62.208336,71.29167
4,0.08266967373963657,-0.057950286010069796,-62.208336,71.29167
5,0.1727906234327358,0.05927869377526659,-62.208336,71.29167
6,0.007506112701665012,0.009820927516479824,-62.208336,71.29167
7,-0.03999131306003069,0.12058539255297433,-62.208336,71.29167
0,0.006944444444444448,-0.029811758463982308,-62.208336,73.95834
1,0.11152857734405429,0.036176120380353664,-62.208336,73.95834
2,0.13090303196532868,0.12514724699677868,-62.208336,73.95834
3,0.16252678295082598,0.11016261673564731,-62.208336,73.95834
4,0.09186555662181028,-0.050110390252032434,-62.208336,73.95834
5,0.18712662107813363,0.041646747075314815,-62.208336,73.95834
6,0.03009259259259259,0.014731391274719738,-62.208336,73.95834
7,-0.016825951611145473,0.13756254604326018,-62.208336,73.95834
0,0.018228158993138104,-0.00927484224524838,-62.208336,76.70836
1,0.11092396558500785,-0.006276720077711718,-62.208336,76.70836
2,0.14652912872920712,0.14018785074806941,-62.208336,76.70836
3,0.14549988289749044,0.07545173071578797,-62.208336,76.70836
4,0.07434535397202476,-0.052637905003420256,-62.208336,76.70836
5,0.16319927037646845,0.007772898389464482,-62.208336,76.70836
6,0.04608811398584186,-0.010509039345822842,-62.208336,76.70836
7,-0.03210429856132116,0.12330904820015165,-62.208336,76.70836
0,-0.009820927516479828,0.02602463122018353,-62.208336,79.29167
1,0.07563275290977182,-0.01608212601972339,-62.208336,79.29167
2,0.12674716997825422,0.16611774622725065,-62.208336,79.29167
3,0.13020855883636456,0.08813198824407763,-62.208336,79.29167
4,0.05923776797104189,-0.0222642632095788,-62.208336,79.29167
5,0.13243357352364285,0.007142279280293867,-62.208336,79.29167
6,0.03066984383580228,-0.008407231476658275,-62.208336,79.29167
7,-0.06130556467021003,0.105322855667239,-62.208336,79.29167
0,-0.0018209737405542874,0.061547869982059016,-62.208336,81.95836
1,0.045070525032462144,-0.006940748811370114,-62.208336,81.95836
2,0.1030432518753126,0.18518698989077687,-62.208336,81.95836
3,0.10297457586794055,0.10396543603081354,-62.208336,81.95836
4,0.05902569391527183,0.02573313473337802,-62.208336,81.95836
5,0.11407587017002634,-0.005167100730019427,-62.208336,81.95836
6,0.04049077135228211,0.006324159798061466,-62.208336,81.95836
7,-0.06330984736856231,0.0898509328478108,-62.208336,81.95836
0,0.017521310973227327,0.07132731165236125,-62.208336,84.70836
1,0.05481356940347428,-0.0017297811639912103,-62.208336,84.70836
2,0.0924441359466399,0.17221385218573496,-62.208336,84.70836
3,0.10640593964700505,0.1086875361641562,-62.208336,84.70836
4,0.062444925617925494,0.07248312986266515,-62.208336,84.70836
5,0.08759443645646568,-0.021787543567122022,-62.208336,84.70836
6,0.06793269774966351,0.025850072166929496,-62.208336,84.70836
7,-0.02305404156521641,0.06876838585672866,-62.208336,84.70836
0,0.013317695234898189,0.07233651050246896,-62.208336,87.29167
1,0.03225270224794707,-0.05133648070485875,-62.208336,87.29167
2,0.050235455798170466,0.13356367617607276,-62.208336,87.29167
3,0.07438789121664416,0.09500871402403686,-62.208336,87.29167
4,0.03628580168587021,0.09935845396460402,-62.208336,87.29167
5,0.05131023905841086,-0.03414685654719239,-62.208336,87.29167
6,0.041747827258290925,0.028150530848805633,-62.208336,87.29167
7,-0.03543989052973706,0.018087741928832952,-62.208336,87.29167
0,0.06968520744471603,0.09782527917145978,-62.208336,89.95836
1,0.06977282200845132,-0.018601928687467673,-62.208336,89.95836
2,0.040640753182729604,0.1455876542524456,-62.208336,89.95836
3,0.0674218947148552,0.10009011164966103,-62.208336,89.95836
4,0.052625400196443406,0.10914288913592668,-62.208336,89.95836
5,0.03640585321729783,-0.072483518472736,-62.208336,89.95836
6,0.0672500580952385,0.027631548349645114,-62.208336,89.95836
7,-0.0250173054076175,0.01230913646830896,-62.208336,89.95836
0,0.17566247205670063,-0.20048761896159986,-59.958336,65.95834
1,0.2832021529103047,0.08988099013235211,-59.958336,65.95834
2,0.30997951877538404,0.1547601728541867,-59.958336,65.95834
3,0.4132300636548402,0.14721526043715402,-59.958336,65.95834
4,0.37566993540175325,-0.092492575020664,-59.958336,65.95834
5,0.3903167537639341,0.06012548439137141,-59.958336,65.95834
6,0.3369435766577295,0.04305588184880075,-59.958336,65.95834
7,0.1532445769100629,0.16823826375506165,-59.958336,65.95834
0,0.11503410028008014,-0.23345061752417226,-59.958336,68.70834
1,0.2285599798459591,0.028618424095660327,-59.958336,68.70834
2,0.23859830907218713,0.09338424094938856,-59.958336,68.70834
3,0.3968317358070945,0.12329205082831712,-59.958336,68.70834
4,0.2866725875808,-0.1573399336674455,-59.958336,68.70834
5,0.3444749959230891,-0.009973419809314921,-59.958336,68.70834
6,0.29663149793751004,0.029764557105665418,-59.958336,68.70834
7,0.09181612473611979,0.175946939662277,-59.958336,68.70834
0,0.11940964528293746,-0.027470574705287087,-59.958336,71.29167
1,0.22024763834717664,0.13776756448265945,-59.958336,71.29167
2,0.22852812595144611,0.19299635248465527,-59.958336,71.29167
3,0.38609861251190297,0.22963671786976134,-59.958336,71.29167
4,0.28344805229262354,-0.012570689824625335,-59.958336,71.29167
5,0.3433471443116625,0.13685289906900872,-59.958336,71.29167
6,0.27511772385918803,0.09336173143085992,-59.958336,71.29167
7,0.12600107781697353,0.2513122153409582,-59.958336,71.29167
0,-0.03314583440061956,0.05577375036359572,-59.958336,73.95834
1,0.042633996450473804,0.11740222684768409,-59.958336,73.95834
2,0.012728363658250329,0.1887286999729768,-59.958336,73.95834
3,0.10084008824936143,0.22382068413979192,-59.958336,73.95834
4,0.0672701086307455,0.04888118688892807,-59.958336,73.95834
5,0.09486426631304445,0.14823180175326967,-59.958336,73.95834
6,-0.012443200230744113,0.1456212062435167,-59.958336,73.95834
7,-0.06117011093896665,0.2150015540409006,-59.958336,73.95834
0,-0.057207585274963224,0.0029199052395955556,-59.958336,76.70836
1,0.03201016391236776,-0.020632700707545852,-59.958336,76.70836
2,0.0020643475399717524,0.11783125139220048,-59.958336,76.70836
3,0.05607618100585271,0.1172219213736067,-59.958336,76.70836
4,0.026961505686183385,-0.05860448296154761,-59.958336,76.70836
5,0.08558977817007411,0.0493319762749193,-59.958336,76.70836
6,0.0010602720298661652,-0.030290078489064454,-59.958336,76.70836
7,-0.064006347770415,0.16445250713175422,-59.958336,76.70836
0,-0.027812395861669104,0.059174003992348595,-59.958336,79.29167
1,0.04711759204360854,0.029014614451988992,-59.958336,79.29167
2,0.07843914905087447,0.21464905857295177,-59.958336,79.29167
3,0.10892456619505862,0.14708791572404642,-59.958336,79.29167
4,0.0501072006965801,0.028819953700594664,-59.958336,79.29167
5,0.12357832590709748,0.05924157146781237,-59.958336,79.29167
6,0.057395877152825035,0.020989447477616285,-59.958336,79.29167
7,-0.010039286631968224,0.1476037603958264,-59.958336,79.29167
0,-0.01142889431138387,0.03455552575794537,-59.958336,81.95836
1,0.08262823954753702,-0.020554185530044598,-59.958336,81.95836
2,0.11243006843807112,0.18321138462209874,-59.958336,81.95836
3,0.1122483345223363,0.1083082308598171,-59.958336,81.95836
4,0.05806785676253235,0.02333256718198426,-59.958336,81.95836
5,0.1344703051447524,0.012126684827946722,-59.958336,81.95836
6,0.07461103658480236,-0.014805587968297671,-59.958336,81.95836
7,0.022873485702745538,0.055536384423891916,-59.958336,81.95836
0,-0.025221694429974833,0.10042628838083524,-59.958336,84.70836
1,0.08641220956561145,0.08572622541569735,-59.958336,84.70836
2,0.07041417452773621,0.2594184144937624,-59.958336,84.70836
3,0.09911530429172162,0.19494460619327625,-59.958336,84.70836
4,0.04890085781202544,0.1371011120242571,-59.958336,84.70836
5,0.14651432334806025,0.08052843863308738,-59.958336,84.70836
6,0.07130270120421492,0.06780875816580144,-59.958336,84.70836
7,0.03475897293834212,0.10556730197493018,-59.958336,84.70836
0,-0.006065982065561362,-0.1460616856884446,-59.958336,87.29167
1,0.11149693268568552,-0.26419711885666,-59.958336,87.29167
2,0.23785908250569254,-0.010570935913025707,-59.958336,87.29167
3,0.19618170037288196,-0.0462663804135082,-59.958336,87.29167
4,0.11984106864635619,-0.03813022054501967,-59.958336,87.29167
5,0.2064495674040924,-0.21220294058701128,-59.958336,87.29167
6,0.12551773662402033,-0.15957115801404562,-59.958336,87.29167
7,0.07119116566234437,0.010137820771457546,-59.958336,87.29167
0,-0.34453833380268106,-0.21505495377351994,-59.958336,89.95836
1,-0.22544891712464663,-0.4643484085824336,-59.958336,89.95836
2,-0.1110492155001293,-0.24411802269582117,-59.958336,89.95836
3,-0.22332092522623292,-0.22016462314905216,-59.958336,89.95836
4,-0.18926819318825364,-0.06226568785005684,-59.958336,89.95836
5,-0.07285778607838171,-0.22847525527993354,-59.958336,89.95836
6,-0.03076276756626041,-0.12974022785809255,-59.958336,89.95836
7,-0.12154873317650239,0.07664945673172995,-59.958336,89.95836
